"ichain","iteration","X.1","X.2","X.3","X.4"
1,50001,2.95456120007884,0.90959438010393,1.91668218021677,0.511107739411622
1,50011,2.88673033741369,0.958418608062918,2.12909411522052,0.438336385502138
1,50021,2.86150286213379,1.05386745930537,2.36135392676576,0.44586582801892
1,50031,2.8444146396625,0.99335747987216,2.33475065382415,0.553869948305306
1,50041,2.95719249476932,1.0383631426079,2.4629279134324,0.61440301240123
1,50051,3.01494215518886,1.10380214854045,2.10102769422471,0.483682980661508
1,50061,2.89009017176202,0.870330434034309,2.02825730391311,0.603374289407385
1,50071,2.90774725821429,0.821139863520159,1.93626284229378,0.593075752488946
1,50081,2.99202848433533,1.04702695318615,2.13725111703954,0.470111130304687
1,50091,2.83247043812501,0.806917972216467,2.332819412605,0.613468660041938
1,50101,2.9346926825958,1.02624914255672,2.14762649295126,0.507165496337642
1,50111,2.86446335266583,0.857535126781655,2.20367709350396,0.656871700761363
1,50121,2.90664304446498,0.963717959753513,2.1667117367239,0.587119170586996
1,50131,2.85652664191932,0.94762240367353,2.35498824014758,0.606853486808613
1,50141,2.93874742176886,0.957612247301472,2.2602592041041,0.527430658119366
1,50151,2.9140139977701,0.879313358313658,2.26689512942659,0.579720307678804
1,50161,2.95523053970889,1.04430379254785,2.18257891985938,0.456608596329156
1,50171,2.92983314820981,1.15655844955441,2.10079722024042,0.383999975740125
1,50181,2.8926603691536,0.901519267779385,1.97051010064793,0.577606465166928
1,50191,2.88176753895638,0.861402059895132,2.0000228892677,0.53578027591781
1,50201,2.92296090144197,0.932905262782806,2.02393126316335,0.443944274491592
1,50211,2.93559916474707,0.88524147657995,1.80637161995649,0.493265954011769
1,50221,2.97161780381128,0.944799503549373,1.93451536777592,0.51124397033765
1,50231,2.95749129745861,0.993429830912716,1.78562848593372,0.483231812895906
1,50241,2.89613554400764,0.913114531171724,1.86720248902109,0.539686725094182
1,50251,3.01809402870955,1.0392328734381,1.82124210260861,0.444873358615365
1,50261,3.0016672960062,0.944878134890605,1.76570416598454,0.520863552913662
1,50271,3.03355921313716,0.995993425079641,1.81780019620899,0.540093903167883
1,50281,3.14982776738824,1.18200398559238,1.66918585042051,0.388081705939165
1,50291,3.11190372905119,1.11349649616989,1.54535958092143,0.385256866908563
1,50301,3.11079740962644,1.26050113742806,1.90837439619477,0.374114521078315
1,50311,3.05303285146462,1.14083563344876,1.78763930294262,0.36184187327468
1,50321,2.97287823760256,0.983078799771647,2.08128954716537,0.53439324072323
1,50331,2.9749232569286,1.03986515711328,2.15432956670859,0.447944581880006
1,50341,2.92018573446119,0.87279373983908,1.874160034814,0.511796229872384
1,50351,2.92783146999321,0.957478930639807,2.05694698709801,0.506457551114643
1,50361,2.81138151831419,0.745617970273354,2.21407861478666,0.651262969189695
1,50371,2.90786700007561,0.89249642192562,2.28380705240216,0.562237675257694
1,50381,2.97705451461297,1.05211498021425,2.09405712164054,0.423030486002058
1,50391,2.86108732730436,0.769473127845572,1.99098223372449,0.632365507961979
1,50401,2.87955053079972,0.859481716794104,2.03993043413022,0.562926498346002
1,50411,2.91405957654468,0.89156012010291,1.91305473197317,0.561601089249331
1,50421,2.92741208096677,0.93171982366138,1.9474387071459,0.537129983602956
1,50431,2.87342236458233,0.831129946195855,1.79143825997247,0.551912133778819
1,50441,2.85300330708091,0.727156071030502,1.77857641113419,0.601407239398923
1,50451,2.92460216374599,1.01743297524015,2.32775860746046,0.555299351457894
1,50461,2.97004172686742,0.96949062425585,2.08035491678277,0.544236849918966
1,50471,2.95717183054132,0.995102974121696,1.86430995180578,0.447441156725657
1,50481,2.91488944942823,0.982101856583183,1.87977895953889,0.459591216870189
1,50491,2.9230771600674,0.896860107810761,1.90889092551428,0.560761927330888
1,50501,2.98001988617507,1.05017340424077,1.98728689501155,0.465718515739029
1,50511,2.9403952272052,0.864404382944831,1.83005548512592,0.574042715216556
1,50521,3.00064056733473,1.00078304353471,1.81818286097125,0.490100847912334
1,50531,2.95013156647084,0.991782128557714,1.85606097980615,0.486358638680058
1,50541,2.861919376824,0.889681914983565,2.28527480232365,0.686834990646072
1,50551,2.85311191465071,0.849101654954307,1.91789563547028,0.601760425173962
1,50561,2.87635604608733,0.937225420597386,2.19331758323187,0.588975162543534
1,50571,3.00248504120972,1.12892717013638,2.0672403059513,0.480664431589259
1,50581,2.86244378739583,0.830394485589774,2.11751315700328,0.589825396715722
1,50591,3.02314554912263,1.1888122979957,2.16703015736168,0.408500019351572
1,50601,2.95541938356052,0.977565247671657,2.21613145668446,0.56902264816522
1,50611,2.9428095845253,0.90531914875485,2.00123266555327,0.520659741236421
1,50621,2.95476825854406,1.03382130032714,2.03429538336051,0.537431585036888
1,50631,3.02155469552805,1.04288374452797,2.10400701377857,0.493391008620577
1,50641,2.99640341702096,1.07947473318459,2.23089685139378,0.500047442119293
1,50651,2.90649580659472,1.04266353791257,2.52420728369635,0.519632136212302
1,50661,2.95245721388536,0.978139262074238,2.61538575792977,0.680010921296356
1,50671,2.87046694745538,0.941490573410622,2.83083509500951,0.75487333793472
1,50681,2.90988328827259,1.10757536547421,2.79321308321256,0.577858259330767
1,50691,2.84524931821377,0.913903558348923,2.71861036422828,0.697880809653256
1,50701,2.90573490904684,0.96459579734282,2.62836912786996,0.62465342721666
1,50711,2.9574860857546,1.10842183530224,2.51173055155738,0.532395718219792
1,50721,2.88717863047657,1.03864217875983,2.50815703758979,0.504353988980533
1,50731,3.01205818914092,1.14382016324533,2.16608391554097,0.440230980318109
1,50741,2.98908849805376,1.15869176759149,2.33152958635227,0.445386101953017
1,50751,2.88099644565031,0.962361544173936,2.27440463257481,0.555851427202112
1,50761,3.04406846762343,1.08532193869866,1.9641250391481,0.464901802887198
1,50771,2.9507337197467,1.00635478859664,1.95677320628229,0.429608096232011
1,50781,2.92770174174889,0.934506637102925,1.87081030543238,0.436037999790934
1,50791,2.85056686635075,0.80988733916268,1.94498455371962,0.510417272878324
1,50801,2.98904923534352,1.0407754216733,1.73730696575962,0.368233007951832
1,50811,2.88067272048027,0.858109420637378,1.83818269390493,0.584320762880263
1,50821,2.90281247422031,0.993259482765227,2.08184867134489,0.517519994229984
1,50831,2.96982332204489,1.00623169403272,2.17190487013905,0.517711548420439
1,50841,2.92416449337744,0.862605938668363,2.00339950658748,0.590820816472876
1,50851,2.86824976970636,0.777798129840059,2.21631993644176,0.673134055987115
1,50861,3.00341912340011,1.1705013603682,2.09576548778588,0.403519195612351
1,50871,2.95425223583694,0.875418394527054,2.1407898087457,0.561435028397775
1,50881,2.92048063637542,0.86661442499511,2.27414063186199,0.624762452854558
1,50891,2.91306840008084,0.87557408810045,2.26451302708043,0.524731593737649
1,50901,3.02657426746684,1.07158254878053,2.11401742822243,0.489770224971208
1,50911,3.08045205370879,1.05687290078922,1.98674561725923,0.566815944357778
1,50921,3.0963194006793,1.18882902121602,1.90084040156029,0.392497971464321
1,50931,2.93488709477604,0.871690334289802,1.81839347412088,0.499551031746092
1,50941,2.86304567418533,0.887129175236588,2.08474547011297,0.507685898285544
1,50951,2.89952004295563,1.00441445855308,2.06858662580928,0.458373290421693
1,50961,2.90831813980292,1.00058268636331,2.17290356020472,0.450657205791611
1,50971,2.91909477947055,1.08530882428113,2.33414591917787,0.468358279393467
1,50981,3.04715513676883,1.22100194537891,2.00505648209789,0.361610509529463
1,50991,2.97106719415908,0.907939675317745,1.8747808604379,0.569636880929548
1,51001,2.80816473658669,0.690955924507479,1.98121989412776,0.690207217968192
1,51011,3.02615242253343,1.10806865077581,2.04399334155336,0.560908254085892
1,51021,3.00928346310583,1.00202116739591,1.90438493495597,0.573543427131377
1,51031,2.91812858826896,0.77186327269416,1.92330623839563,0.708351167172378
1,51041,2.93308154386835,0.8993561025475,1.99270032544984,0.575066838391441
1,51051,2.8856533014378,0.880467813784437,2.11994959105509,0.579716663473534
1,51061,2.9760989681641,1.08569628299102,2.0091295299221,0.445333214282815
1,51071,3.00125643003571,1.05186554096474,1.63869039150583,0.376814250107413
1,51081,3.02218161761903,1.17966286610669,1.96577400321925,0.378885031187232
1,51091,2.94954616165339,1.11418440866663,2.40142093650715,0.571994235599329
1,51101,2.98938906860483,1.16009622103619,2.15822230631023,0.418246881789211
1,51111,2.91781755205808,0.948936162662091,2.04720577401735,0.588007327470704
1,51121,2.99486203008855,1.18954741947166,2.0929590307633,0.438251497272086
1,51131,2.99425058424821,0.991542169943623,1.93990263774363,0.54529432049334
1,51141,2.95912317825372,1.03140029235985,2.0791304308084,0.501227595230524
1,51151,3.07599578006179,1.1574277389587,2.0159317105452,0.505034876729336
1,51161,2.9582489083185,0.955201029915305,2.04802353115619,0.612177094820117
1,51171,2.86708545205788,0.890286732488501,2.1860667660036,0.534492728626263
1,51181,2.87712900610296,0.796863483343617,2.21393783793255,0.656060231840048
1,51191,2.99260708290584,0.979456464802028,2.07969956616286,0.544507903607254
1,51201,3.05892908869021,0.935130982019346,1.7749668245767,0.586729914615315
1,51211,2.92351436968823,0.885862055439505,2.00768863789254,0.598059258564874
1,51221,3.02547539422569,1.05433294554676,1.77911196176058,0.421141704817673
1,51231,2.90327582669918,0.931804831114409,2.07323021389177,0.550218396303923
1,51241,2.8303475627073,0.75819489181058,2.08215156472133,0.622669863180518
1,51251,2.9139215140941,0.840163501539364,1.98623636822343,0.566855406302896
1,51261,2.90429331116289,0.884445140964624,1.89970930896682,0.526911243739308
1,51271,2.98035071355122,1.04304317598785,1.74745165542024,0.424402949521964
1,51281,3.08057197656044,1.17956978788558,1.90853290659928,0.386262341687463
1,51291,3.05789300933816,1.02209410803142,1.81883802614776,0.442501275882028
1,51301,2.86425213509223,0.695482986079882,1.84331461585083,0.669627718657275
1,51311,2.89970284463367,0.780173963551207,1.80547284544195,0.61918633709867
1,51321,2.90665916123803,0.878381869819005,1.96659227397299,0.589610961611329
1,51331,2.88233051690881,0.887356199017233,2.07282781270883,0.541790471490352
1,51341,2.90767683569565,0.88060694329566,2.02153683995588,0.610124303848025
1,51351,2.97711401134564,0.967281679102056,2.28101974731291,0.631305171702071
1,51361,2.96858903180377,0.861261305110405,2.00015199449988,0.654379526930066
1,51371,2.81678486338315,0.750412930162159,2.12201939130018,0.687421571225906
1,51381,2.96358948983022,0.920256949449174,1.80572112461794,0.515662384265624
1,51391,2.97980180302797,0.886605882926993,1.99542767684932,0.567130505683841
1,51401,3.03772269109373,1.0809516186917,1.93419320688906,0.450263107081385
1,51411,3.03313087304374,1.16390938550433,2.2105697589878,0.470179920920131
1,51421,3.0147461607607,1.17148958408612,2.11632617258021,0.452576983359052
1,51431,2.93417355546361,1.06115120131213,2.23177203502967,0.595588017928957
1,51441,3.00457773230635,1.14042333128731,2.18794817068231,0.516170563568458
1,51451,2.96981408474846,1.15385294858964,2.05490046028046,0.446521101394411
1,51461,2.89514682582729,0.993797711779639,1.98987346825539,0.508172154025403
1,51471,2.98618810529261,1.01645656432081,1.82086732737453,0.544667286467279
1,51481,3.05492994588653,1.09237021553187,1.99571399076177,0.558238703147626
1,51491,3.23737244923341,1.46071903414772,2.05533013698256,0.405228824134757
1,51501,3.15030348921346,1.23703510140729,1.97157094406887,0.513177779751297
1,51511,3.15857745251164,1.34527605671882,1.94671093496626,0.370273269473033
1,51521,3.04187361158475,1.13075289664228,2.00722018567408,0.489093761670785
1,51531,3.02515146279792,1.16668278241743,2.08053752200306,0.480949386927988
1,51541,2.89620363953474,0.936497383748431,2.39142315357278,0.629816767236375
1,51551,3.01088770028188,1.07950353014798,1.93824915063435,0.474212814645427
1,51561,3.027574753224,1.1349866212355,1.77070946397391,0.397536739911173
1,51571,2.94824503194281,0.728233567418494,1.69075990540278,0.64191144970002
1,51581,2.94794003241443,0.8942224380032,1.98231113768359,0.602762155025241
1,51591,2.92923050230231,0.865812826115522,2.01392593996286,0.690149018620853
1,51601,2.77792642580205,0.642344166320881,2.2638539330356,0.794067610411966
1,51611,2.88700959160304,0.830740338212931,2.19120543586816,0.728395917948469
1,51621,2.99458491409791,1.15011589655184,2.16351464443705,0.436979423319473
1,51631,2.99898860792006,0.974339368164739,2.05410941281834,0.561737558145476
1,51641,2.97236866653655,0.910095663798833,2.16606532991603,0.637852069009578
1,51651,2.98544991857307,0.961982009007361,2.34588665614394,0.669767868502821
1,51661,2.97972210467993,0.922720248843844,2.19874575216013,0.619184789917216
1,51671,3.00700605090295,0.839020284256524,1.92413939079835,0.591356371894312
1,51681,2.95487439013308,0.837848316316133,1.92672759549571,0.504352099083931
1,51691,3.0803127622832,1.09358556670687,1.76504824019589,0.393425799525461
1,51701,2.94219718433421,0.978324500231318,1.87359065302722,0.531905036124056
1,51711,3.01402665449815,1.14533066606624,1.95712790714145,0.452955405585948
1,51721,2.919328216786,0.993787060404057,2.13503312978811,0.504124879851705
1,51731,2.91428006361373,0.845761694294778,1.82377309278579,0.498795846234893
1,51741,2.94714314050052,0.975552300124658,1.91964134446222,0.523491498160931
1,51751,2.95463492114655,1.00333224242432,1.73849085334202,0.412429635088762
1,51761,2.94532837410546,0.829892646656459,1.5779195849925,0.52838528887897
1,51771,2.8679775607901,0.768359014125778,1.74482412859946,0.524342186661842
1,51781,2.95018368683179,0.80089066406814,1.76686745618936,0.622021107507377
1,51791,2.93645517079723,0.822628357600644,1.6539714417133,0.522571562097838
1,51801,2.95742143295322,0.979607193355909,1.98649326437488,0.550168683186464
1,51811,2.9595827600544,1.05663288730257,2.16825032685962,0.508857671304027
1,51821,2.87623299902938,0.80123309501363,1.79265016884016,0.542008632325829
1,51831,3.08810240218717,1.30824295875345,1.98263712158662,0.403934418071987
1,51841,2.87822055395427,0.958728768800593,2.45012677703895,0.590749276413944
1,51851,2.91294348325159,0.931687957268217,2.27931392286315,0.585450631906243
1,51861,2.8704012503126,0.800157945644539,1.96181181365368,0.584089685713863
1,51871,2.92693486712898,1.12726515958706,2.31656084043482,0.405756802405996
1,51881,2.91957555083461,1.00986279698067,2.22606102040868,0.493005597736191
1,51891,2.90225021567296,0.854998216613425,1.9873261401343,0.533130790919809
1,51901,2.89332753541431,0.775767953499658,1.87882810413559,0.644449460860941
1,51911,2.95434128842058,1.05696448527838,1.98257340410622,0.457755664069
1,51921,2.90798508528023,1.00896325774406,2.13923536287035,0.544933836022185
1,51931,2.9881670970187,1.12708982054935,2.1537935831001,0.545861886180972
1,51941,3.01767505293667,1.15662916913236,2.03253543969818,0.45451529468272
1,51951,2.97068496526191,0.885988457154941,1.9085278724105,0.576132124431131
1,51961,2.90318754532733,0.905109470607292,2.21105282594595,0.575124993943487
1,51971,2.97135879338849,0.98217293272086,1.98418527005417,0.510135919726986
1,51981,2.94813885783286,1.04005821971045,1.9930308235507,0.481931473420321
1,51991,3.00942182952858,1.13663037198367,2.05379092108475,0.429158783609563
1,52001,2.94890566378899,0.886970830254044,1.98655901811432,0.59932579735333
1,52011,2.87346136808653,0.837626524138828,1.95538612424081,0.561578185290723
1,52021,2.94372710823967,0.960665653151515,2.01557149065155,0.607610677333508
1,52031,2.88039713002731,0.937525985258925,2.20410925756844,0.642806293518993
1,52041,2.85595984445302,0.881145636405611,2.15606436390043,0.647131205455626
1,52051,2.85250913773208,0.836061402147342,1.95079887621648,0.57296902479045
1,52061,2.83192673201391,0.884023024780374,2.33282656746121,0.562402381634388
1,52071,3.02761340580729,1.24770099587872,2.24440700041696,0.368704248756553
1,52081,2.97321887689813,1.19660585273279,2.38118417989801,0.42305193115455
1,52091,2.87855370061073,1.16301405261828,2.69489913319401,0.435961602894143
1,52101,2.85332968638496,0.935700342172684,2.31857076433463,0.571393389793097
1,52111,2.83002690403132,0.709720053287857,1.99192060506112,0.69593592420251
1,52121,2.8670231974493,0.771583500827385,1.86874327801236,0.655911157176015
1,52131,2.87316411334715,0.628698458486184,1.92302334158099,0.750976448470973
1,52141,2.84341957559473,0.646318589564026,2.10383253092276,0.735060504029113
1,52151,2.88097060161226,0.85613823006405,2.414175997226,0.765646897025236
1,52161,2.88780323216963,0.925339272981491,2.53374076687901,0.80854194618238
1,52171,2.8923476430599,0.940601118942204,2.47248371205143,0.835206818533457
1,52181,3.05788100754026,1.21378696726281,2.2049436755148,0.672654969839742
1,52191,3.02416643313499,1.25732409953862,2.1613263264625,0.52326128516025
1,52201,2.99224690631033,1.2068048083275,2.16607782282553,0.503488008712389
1,52211,3.01344135499193,1.13999912434539,2.00206366668432,0.485395538826305
1,52221,2.89794182343271,1.08070968476038,2.27933394943021,0.463244381174849
1,52231,2.95131081950358,1.03487556014035,2.27895193372777,0.592907654584936
1,52241,2.9567143613764,1.01263278245169,2.09360338795004,0.578852547759698
1,52251,2.87994692450525,0.808650804227818,2.12134753736582,0.624830251901663
1,52261,2.94335286872843,0.844566245508154,1.75580143155315,0.500144983522709
1,52271,2.96206900307077,0.931108163786933,1.98962605999904,0.602683634857189
1,52281,2.95150561335025,0.912723966884388,1.93417351225206,0.619612473991404
1,52291,2.88980939848795,0.801045783425295,2.06118409925245,0.725050914644935
1,52301,2.8658218679574,0.869901820593475,2.33091801222706,0.688085117398072
1,52311,2.90008536145281,0.806074656082233,1.89198278730675,0.656723076342808
1,52321,2.97515987838488,0.970957314235486,1.76526961021711,0.549862402226425
1,52331,3.02901234198732,1.2941565819803,1.86539638053891,0.338145850753551
1,52341,3.0570130686155,1.41824382802764,2.27828457962198,0.393315947271511
1,52351,3.03702048428991,1.17197006808838,2.05041337947232,0.484907724243406
1,52361,3.06813411039193,1.16811847996584,2.00319433354619,0.458891254369515
1,52371,2.9705544586634,1.00988203019533,2.35427968122985,0.612363196799958
1,52381,3.0273250873331,1.01269841230634,2.11713620658311,0.573751539882325
1,52391,2.93499628056328,0.91648590168403,2.00908603182688,0.485885631116383
1,52401,2.8731946471546,0.902666251154246,2.23240026706547,0.528073678321339
1,52411,2.91239146591359,0.956433818251014,1.88923192322357,0.489233935419813
1,52421,2.88564026552492,0.871715621288437,1.91506516825459,0.557892657522549
1,52431,2.95736755581497,0.982593403563711,1.78577417019653,0.433965537675169
1,52441,2.92277904689634,0.953694678420457,1.92506292703251,0.492303483959621
1,52451,2.91077839138656,0.954641437416843,2.11956219086351,0.504016310775717
1,52461,2.89245509043255,0.802232941786754,2.03106252460065,0.627401923675541
1,52471,2.93035773219929,0.90479104696014,2.28133116198365,0.584864098402368
1,52481,2.90366628605473,0.931752033931446,2.25370849602919,0.52649129447928
1,52491,2.8356050359616,0.95016959755221,2.24653503459072,0.579431542627012
1,52501,2.89905622769045,1.03957877372106,2.43622437229172,0.543945327001353
1,52511,2.99174937544884,1.12436538887098,2.36502175921645,0.478405618070337
1,52521,3.01483425686673,1.10343402856585,2.12260520363437,0.462494689627058
1,52531,2.99842150623921,0.96457203167004,2.00629873140984,0.53609213039199
1,52541,2.91909800252934,0.982129643442715,2.18700523747829,0.560418285080726
1,52551,2.9479952106939,0.895690934494547,1.99793269375619,0.524176738188783
1,52561,2.96478002357775,0.952158964817577,2.05599443368485,0.463006241176736
1,52571,2.86025099065012,0.883011077687069,2.16354252947957,0.498395935071167
1,52581,2.94559606662887,0.816861039684098,1.75641227913033,0.590080797647515
1,52591,2.81226391255266,0.716127048511631,1.93823988369614,0.648262458420327
1,52601,2.91476407497153,0.883232174646964,1.91378244336755,0.5957920442532
1,52611,2.90105698305031,0.892508141324999,2.1619865667951,0.635240870620591
1,52621,2.94276505651066,0.962942026141573,2.12589317773605,0.506530879505377
1,52631,2.94737487905136,0.92117951085325,1.88294700505694,0.528593503442874
1,52641,2.97816123159021,0.970683144531613,2.07281448718589,0.580540934483031
1,52651,2.99424761496392,1.10457695302342,2.17410498996012,0.558498354568901
1,52661,2.95066134867544,1.13448576173936,2.2412737331217,0.456010660237718
1,52671,2.87717079784349,0.937819246127083,2.33103717826248,0.552855763685001
1,52681,2.93366675837708,0.942288589976179,2.03291749399572,0.540598004057167
1,52691,3.07234290229457,1.31104094690315,2.22857429802819,0.407614875545201
1,52701,3.03327827198624,1.1015098810958,2.31190477341784,0.502074173697036
1,52711,3.00020530831921,1.03611528598739,2.02040312966088,0.421537739693551
1,52721,2.97697703379349,0.939709866644763,1.91175231030366,0.532583416149989
1,52731,2.86191728141582,0.836589530009531,1.77914804790554,0.462640015385909
1,52741,2.87767268179327,0.91368399751438,2.06563900677272,0.47376854733369
1,52751,2.94499060091475,1.13034690951046,2.14780740186191,0.400190399997174
1,52761,2.992127395538,1.04690086077473,1.80808705902059,0.397509328439823
1,52771,3.06504470558529,1.25513872270239,1.91596252463608,0.404659060731492
1,52781,3.03515331095654,1.30648685349007,2.05853425315635,0.365907723163655
1,52791,2.93363695498376,1.00332159586744,2.19840974898398,0.62243390626168
1,52801,3.00874100842691,1.1821876923515,2.00449704633042,0.431267581843524
1,52811,2.99308577927657,1.09388487648198,1.96246277201219,0.438296564982358
1,52821,2.95409917803659,0.958056735375145,2.20508120377197,0.585103272684401
1,52831,2.95815583210306,0.992942930744775,2.12819086310544,0.607866467464537
1,52841,3.03369760458068,1.12548359072092,2.16222434925177,0.591340849919216
1,52851,3.08220973590329,1.21760307979008,2.20982037884642,0.488422964954966
1,52861,3.13990540346584,1.30900900341935,2.25225261279054,0.47311334375969
1,52871,3.01723250505381,1.01819873422966,1.86139008595618,0.545408373973576
1,52881,2.93114658512501,0.867996960204313,2.25948357783681,0.699462228231051
1,52891,2.93784960873976,0.882161120838017,2.01396068888835,0.670038999141954
1,52901,2.818830516219,0.715855185626794,1.9964666735202,0.714823929081707
1,52911,2.77512123847681,0.606617650008647,2.03963930568768,0.808012081458189
1,52921,2.90519365258237,0.841078182474746,1.86669261666275,0.657600010156635
1,52931,2.86431490474321,0.705021245425953,1.6955016676279,0.630391335604756
1,52941,2.8367412077517,0.776626993575619,1.98158529938417,0.598396988780922
1,52951,2.89932046459777,0.847683182343325,1.82086099059046,0.586294744544162
1,52961,2.90803340840476,0.845834866792835,1.9396777461997,0.56457618220325
1,52971,2.86957453595968,0.849064607292356,1.92282544482723,0.55023758323436
1,52981,2.86380288185266,0.814544279803268,2.15515928736936,0.607535925862044
1,52991,2.84966054910627,0.859304902883442,2.24734546507982,0.611637570360069
1,53001,2.80811476479606,0.762612164838342,2.18242797796463,0.622041897660068
1,53011,2.9259727025137,0.896561690472035,2.14437163294811,0.539180288890519
1,53021,2.88715504016607,0.794445525168161,1.86458312695713,0.588976858000235
1,53031,2.95325333390501,1.08712006083919,2.41056119489301,0.553854029459276
1,53041,2.87788319144563,0.815426323646365,2.17470914156977,0.617728171342046
1,53051,2.94161981196111,0.932206725439056,1.93295194599633,0.554982660177481
1,53061,2.88620063558437,0.867706840387429,2.07811630548073,0.656504847686631
1,53071,2.93533589892927,1.0741876472339,2.21902799357601,0.572573879532184
1,53081,2.94289198679795,1.11882155178278,2.1510518307576,0.534944121609464
1,53091,2.92430512925891,1.07132584472459,2.20615498831399,0.544701311927213
1,53101,2.87135781127632,0.99420288335651,2.0804803986989,0.508756364522647
1,53111,2.87338021894501,0.855541582451625,1.85778710907642,0.569163038876992
1,53121,2.81622498415053,0.716561050993746,2.23741986904327,0.695366218957691
1,53131,2.86029788809856,0.786228807689504,2.15862415819151,0.621114439609782
1,53141,2.91002579101187,0.997572380458318,2.22392752718268,0.60186894554882
1,53151,2.9155386323469,0.932434682719124,2.05135568651537,0.517386040372194
1,53161,2.9534270646288,0.950715663798634,1.97425623889746,0.492456393599271
1,53171,2.98530978071381,1.02386347081325,1.82348807545615,0.40082151090983
1,53181,2.96311810405721,0.958095453730781,2.02965578877005,0.515133290751455
1,53191,3.0223976108999,1.02882258451491,1.95721356422138,0.475227001763801
1,53201,2.94480392222534,0.821403354668786,2.04149095233546,0.526716689080143
1,53211,2.98832723243034,0.975592401747167,2.21241432807241,0.50189909157492
1,53221,2.99338630778201,0.958111406896341,1.83087777443967,0.495149852855349
1,53231,3.03899847978583,1.0575704740428,1.75798719103025,0.410267729114939
1,53241,2.93741892297198,0.883946620161232,1.78580487290769,0.437923349736645
1,53251,3.00601553157348,0.957806261604839,1.63233408611393,0.449118657216637
1,53261,2.95810440456565,0.772102888947966,1.79853648875849,0.577740081860195
1,53271,3.00914729248675,0.857939500768879,1.91863638968166,0.607550176947629
1,53281,2.89151886620024,0.790218624276712,1.93235859305764,0.587366352030704
1,53291,2.9425129244649,0.903401498733634,1.76264632939432,0.479181098227781
1,53301,3.05225634539862,1.17187434603473,1.97244687906584,0.465018032275887
1,53311,2.95048457763453,0.93861849591467,2.04081749495523,0.639440058520491
1,53321,2.94524110733787,1.01484121194931,2.1366439984188,0.562985069448732
1,53331,2.92373459863897,0.914997601088055,1.86857470707007,0.518066979443448
1,53341,2.88497265971139,0.800642693961802,1.90189870023914,0.565033505521425
1,53351,2.98877429452266,0.99302690654554,1.85851125037491,0.519498459137635
1,53361,3.00144462136187,0.940430987244447,1.84821983908902,0.544360306395735
1,53371,3.00044030950192,1.04362286036178,1.8386762758433,0.441078887968045
1,53381,3.02269313256766,1.1378197043928,1.99544864594531,0.448261952792692
1,53391,2.99279621629357,1.04219228024124,1.8402275308239,0.433402670614598
1,53401,3.01843471107179,1.0870138869797,1.74692431663107,0.427858255222874
1,53411,2.91665222610027,0.865034605064949,1.989955130739,0.608483265746607
1,53421,3.01242947072001,0.936325951836009,1.75625203650776,0.487842369980234
1,53431,2.95610793524279,0.841474331908852,2.06826204098677,0.583792028624141
1,53441,2.96688046137101,0.927248895474426,1.93490605706988,0.503777381025818
1,53451,2.98435975309684,0.944603423366395,1.80316086148815,0.525786730282201
1,53461,2.99449597669032,1.1658453040949,2.01002727543233,0.379389653074532
1,53471,2.97272088377023,0.918567212077803,1.64027300781822,0.451380270135544
1,53481,2.96108687832942,0.953176186047774,1.89823479848716,0.496237485336249
1,53491,3.0145387899768,1.04802318256072,1.93652674077915,0.457299640761952
1,53501,3.04340196704344,1.14397094551655,1.86891272347908,0.391804463436844
1,53511,3.09503367033766,1.10335324770951,1.8575548687517,0.441327774001428
1,53521,3.16866432203236,1.28330305006899,2.01780965313657,0.420522178202838
1,53531,3.15080317156188,1.43411802108666,2.05201667940198,0.342608787493049
1,53541,3.0622228639617,1.23876367826258,1.92849525259362,0.365340069579551
1,53551,3.07324071857649,1.26265952040193,2.04070371321652,0.392966131292105
1,53561,3.00124456040322,1.15365600696751,1.97367570455189,0.426069110321265
1,53571,3.01880658998771,1.13561567229903,1.88669095389349,0.428849395163591
1,53581,2.98274774182981,1.0706662738813,1.92937890758479,0.426354675687919
1,53591,3.04001573781508,1.14428418561958,1.93378677893773,0.355662320408551
1,53601,2.92452339801191,0.861792918831659,1.99952492156876,0.532112664013712
1,53611,3.04098290720211,1.11929994800036,2.12254068825265,0.486817986345065
1,53621,3.0540026830917,1.19543551186206,1.92493015806352,0.429347497825899
1,53631,3.02161234431244,1.07199590764861,1.99514746650295,0.512023367296416
1,53641,2.87925980334368,0.890680865755011,2.27898172823987,0.60517014113866
1,53651,2.93369488831848,0.904377496356747,2.18619865348668,0.617051835420912
1,53661,3.00172470245424,1.16938057903959,2.27855942413005,0.455356395838958
1,53671,2.92508902100994,1.07826129665977,2.32497943985241,0.4900819680641
1,53681,2.78851284131472,0.740688662547012,2.19042475163627,0.653481070183484
1,53691,2.88098371903347,0.793723362314337,2.14513804279904,0.688126537821761
1,53701,2.85088444244381,0.781266576295872,2.26060824344107,0.665214688440254
1,53711,2.9620495640129,0.838858490182499,1.91019427702258,0.662985318190953
1,53721,2.93176201870188,0.814688807335261,1.9396015303814,0.586754304840768
1,53731,2.91929382281335,0.91074057552286,2.07698116975659,0.607763355595177
1,53741,2.94362210847521,0.92486901027287,2.07270014517865,0.612658252953406
1,53751,2.90440866040582,0.820605402300553,2.16689220902915,0.623694791982282
1,53761,2.91982301520902,0.888224275278567,2.20732073809211,0.565206098936259
1,53771,3.03996537159508,1.15962366390422,2.02359105719881,0.448968752465978
1,53781,2.97173772301917,1.01474374665331,1.86360210484992,0.469961771228671
1,53791,2.90467764877768,0.909060681376156,2.07943227600346,0.532906052590983
1,53801,2.93485204869718,0.909921791488993,1.92180704019942,0.612285740494553
1,53811,2.93476727378077,0.91070881758133,1.84919964702808,0.583767899494264
1,53821,2.99615546069322,0.84900796400565,1.80866285662685,0.628410581855283
1,53831,2.88247940585942,0.689091525630583,2.03164603637536,0.714090632595355
1,53841,2.81723410745279,0.565331901702321,1.94189224708747,0.767025230531567
1,53851,2.84305120858605,0.6056435612539,2.04569909171494,0.738692854606794
1,53861,2.88504240968089,0.773541141799033,1.83616227097913,0.603050226674176
1,53871,2.9420259599439,0.932454160757395,2.01842196291102,0.551519722843451
1,53881,2.92766939828497,0.872321335000497,1.996394515834,0.595517025107144
1,53891,2.91070383054089,0.866012415946911,2.18393977683787,0.650726257967332
1,53901,2.8889456804805,0.825787419106706,2.06366642064345,0.605500204490022
1,53911,2.91953639048353,0.915348586500264,2.13365689922131,0.500262184466327
1,53921,2.93005630352877,0.941272726163712,1.87508053942846,0.466450060581131
1,53931,3.04311202057833,1.27547735067952,2.03468918895062,0.346024130839561
1,53941,3.04014267223746,1.12011245728705,1.96933009849259,0.462440466488775
1,53951,2.89143675732488,0.883972197944133,2.14380035230929,0.554034400724189
1,53961,2.9233648364905,0.925187525164437,2.03514818967417,0.504935644966076
1,53971,2.94066154000749,1.00621125645813,1.93722363378861,0.444931244297569
1,53981,2.84749253437699,0.887168109266645,2.1358722182254,0.569196987240049
1,53991,2.90942743989469,0.804297579064337,1.85269699492491,0.628474005682964
1,54001,2.94018190558923,0.917465076353125,1.94396740008218,0.504157596512631
1,54011,3.01380271420718,1.07965360921008,2.00460375216525,0.470811281075686
1,54021,2.96094824772633,1.067901767767,2.12972533240982,0.373618353663276
1,54031,2.91795603586336,1.04705716879638,2.26359862043271,0.537746638229554
1,54041,2.97630432369018,1.04167321321819,2.16140480488205,0.495577452384307
1,54051,2.89646167185666,0.985637666803125,2.35688323395485,0.544239822063833
1,54061,2.84946396097172,0.932142787531584,2.36842085933053,0.653462683462197
1,54071,2.8718736016085,1.07074889798785,2.58386548040792,0.525482370170919
1,54081,2.94864545319308,1.06373101809364,2.43715965554357,0.578138766503888
1,54091,2.93715049819291,1.06404271363487,2.29099802978844,0.535000663705418
1,54101,2.95729028149012,0.985791575960199,1.98643878086965,0.501560763861858
1,54111,2.84783408046144,0.823470045279843,2.02375472272235,0.625579288526679
1,54121,2.90084054865579,0.865311930772387,1.96682003088706,0.566766052152716
1,54131,2.90345174625106,0.896755354181385,2.19313511263928,0.615684042855756
1,54141,2.96984997745489,1.05904410668877,2.11148940412702,0.491507309708014
1,54151,3.07243837793914,1.01630651607479,1.86225329708444,0.499225987827513
1,54161,3.0376247368145,0.929206268363233,1.77106897373916,0.506485934823428
1,54171,2.93108031871283,0.907540289610508,2.02922696496816,0.610494191674838
1,54181,2.89771271222643,0.920610810133067,2.03023616825782,0.515309633142303
1,54191,2.86002124611223,0.829845080874309,2.0851307512739,0.538151510978963
1,54201,2.90171625327495,0.918050245409625,2.17360764274477,0.489244378580333
1,54211,2.85976682755626,0.834135383609817,2.34304251335972,0.598505881009422
1,54221,2.91765854083209,0.921411364911062,2.5956819137334,0.662151716667001
1,54231,3.0173527153501,1.21291421965175,2.60904411414412,0.483720097255232
1,54241,2.92088196915795,0.935417586729076,2.21656269505953,0.532176161904333
1,54251,3.01120374684598,0.98477146552335,2.02588915212343,0.573498813974634
1,54261,2.96108734857142,0.960573058400274,2.12206181027093,0.571745317941018
1,54271,2.93018210019151,0.833502148080627,1.94852398869307,0.558680500297609
1,54281,2.89785725769697,0.744571981846192,1.84323118273985,0.621176709752884
1,54291,3.02442926646851,0.95255036790109,1.59145895514696,0.487204795817841
1,54301,2.99669703696763,0.894122748098432,1.86573489406865,0.557293646240037
1,54311,2.87897429082881,0.819714266608341,2.06799782996973,0.648249119034014
1,54321,2.95658935770218,0.994597823944938,2.08756375569168,0.473476420330167
1,54331,2.97582632052035,1.11076045803501,1.95688050475829,0.398245264922241
1,54341,2.92924161785192,1.05162406206279,2.05614146036922,0.432602620580647
1,54351,2.9367743194689,1.05588888558462,2.09499927334522,0.404398802780664
1,54361,2.88741400529399,0.947644592283578,2.13174465887324,0.515352413659287
1,54371,2.94296403376975,0.992957999544657,2.30484657198969,0.574642839901212
1,54381,2.95150885919009,1.01040849705548,2.27964283169982,0.538652299832143
1,54391,3.02774986281064,1.21328643937012,2.07241516417679,0.395055056556368
1,54401,3.0451658146442,1.20661361030657,2.15075657799257,0.451669723562028
1,54411,2.9756941805546,1.27342402201777,2.37687079533528,0.421407542424463
1,54421,2.90827130222221,1.07100294349643,2.26445794568052,0.477068224865276
1,54431,2.99162111190445,1.29784843879207,2.331203419633,0.389235019443359
1,54441,2.89434864321734,1.06571914647769,2.68900779390211,0.51074369349854
1,54451,2.90706051562974,0.966996006712018,2.58892071699381,0.599240043079107
1,54461,2.94846069718075,1.07494525670072,2.36531649243312,0.481966344350577
1,54471,2.9280045220393,0.902116225220927,2.22654424888466,0.561483011729544
1,54481,2.94751996930805,1.07937937490143,2.16467861228376,0.500825880961478
1,54491,2.8549342289122,0.796330122164843,2.29874092412822,0.624275768945258
1,54501,2.92912616391742,0.941715983751372,2.07110503886155,0.52147688566403
1,54511,2.97985281596889,0.998859369646608,1.91411912415737,0.452832874934777
1,54521,2.97623697916686,1.00369405591139,2.04373091791496,0.4302791499119
1,54531,2.93729661697795,0.879611156039557,1.99095308044438,0.524574074485783
1,54541,2.9485181017186,0.848101926123964,1.99993267118995,0.634852047273338
1,54551,2.91331106337412,0.907072928447389,2.31324146355438,0.629892308248221
1,54561,2.96690980795418,0.840142086024163,2.04606294443951,0.647012145865223
1,54571,2.93884977076196,0.820211044689313,1.96650020814729,0.57293067433285
1,54581,3.00616385123547,1.01049903563446,1.87627140847091,0.442620941610259
1,54591,2.99054288682885,1.00436972426026,2.03674525354183,0.56943592644098
1,54601,2.98233282983788,1.09012622084677,2.06489441691957,0.510420854672396
1,54611,2.84129710013526,0.795664824461928,2.22833319256844,0.611046215867572
1,54621,2.82872623536806,0.796227314333299,2.1093619039429,0.636463259786068
1,54631,2.9039614603731,0.808167726019859,1.8725415378516,0.69086364282239
1,54641,3.00897049603401,1.02227640893122,1.87747068603126,0.502379414857221
1,54651,2.92824583135488,0.930117355362651,1.96336174641556,0.550872093550349
1,54661,2.94013197886443,0.86201837375917,1.85382778288428,0.534819664325422
1,54671,2.99458679949302,0.834451762393381,1.75320297680564,0.57601693598861
1,54681,2.94681141651791,0.912512571408043,2.07056464342621,0.532148541083051
1,54691,2.96109427899013,1.02298777058539,2.07801333990056,0.425501045423077
1,54701,2.88848160093319,0.930760593840709,1.97545783447849,0.469472722962119
1,54711,2.99401972781176,1.15101480553156,1.92644609815103,0.371530895260717
1,54721,2.90896275646439,0.985195126923729,1.89165500874389,0.426800179159973
1,54731,2.89201824284699,0.943483196505691,1.98980240191364,0.506198867395854
1,54741,2.90149613343627,1.02158627109489,2.21342584538529,0.488245332667059
1,54751,2.96412741145959,1.16800354156361,2.21159147798391,0.441913142228378
1,54761,2.95867488780507,1.05939662661292,2.02736233845879,0.509218432752933
1,54771,2.90498993685061,1.0663187834662,1.8824597434871,0.421154091138784
1,54781,2.91129222404786,0.999162513845022,1.99158621022211,0.565303795109325
1,54791,2.90738750702913,0.974936149239247,2.12518227869534,0.598319528714577
1,54801,2.88956199554598,1.08135614260339,2.24590129140339,0.543766020485887
1,54811,2.87303326493823,1.04882118108843,2.49394975831846,0.639097369203982
1,54821,2.91976051045824,1.14724624576109,2.34642090721946,0.564864652024489
1,54831,3.01369376792688,1.32788004057207,2.23258618940587,0.430915415378011
1,54841,3.01635724757251,1.25497397581724,2.02946608579948,0.383151764089258
1,54851,3.01453736150748,1.13206426708049,2.06882510573113,0.457479904352926
1,54861,2.94768387043683,0.911061961727295,2.30678054629921,0.710323070456758
1,54871,2.96615084798746,0.913844468150446,2.03736407754248,0.685126587282796
1,54881,2.95899272030098,0.817013632854615,1.68528992336062,0.590643934129499
1,54891,2.94983264079102,0.862693966217525,1.84579356025892,0.567335557956073
1,54901,2.891844169044,0.861893847181562,2.04574288659765,0.645621319788998
1,54911,2.90329177484124,0.780044824825626,2.0372249738437,0.618418025769694
1,54921,3.04007825648736,1.02756308369242,1.9407183730825,0.582008263406285
1,54931,2.87337756464678,0.759066694153336,2.12988828403141,0.721243019281347
1,54941,2.88103142877943,0.884576862265504,2.25238820571981,0.498890307769378
1,54951,2.82186898846533,0.783406850263129,2.3785551413585,0.696057591855871
1,54961,2.83255300397098,0.712318108769355,2.02333781867815,0.617924843858812
1,54971,2.9285115198538,0.920092695336673,1.96595725462326,0.49856393985396
1,54981,2.87868297155735,0.765183073925578,2.07313294152659,0.659422988533243
1,54991,2.89597632115749,0.85863361277741,2.17893595188818,0.582785389377535
1,55001,2.86924178590747,0.818901460696688,2.00440542583992,0.610542288199792
1,55011,2.90955585417654,0.765225519803689,1.72235616831983,0.571344149982889
1,55021,2.98465995704941,1.05692073934129,1.94767158051781,0.425380033185617
1,55031,3.04189164147982,1.19513634877248,1.98294722551402,0.467838449239588
1,55041,2.95597497457491,0.973165163671111,2.17359439037945,0.592308850520322
1,55051,2.98429081580576,0.94259176923589,1.93941497862645,0.599109050476525
1,55061,2.99396117848307,1.01672108936701,1.9801576764807,0.562387951579014
1,55071,2.81040305886648,0.65598825599845,1.62165438382204,0.669365232256387
1,55081,2.84776091154622,0.772858742716294,1.90362106814681,0.67431419123291
1,55091,2.84100988771415,0.840267157411964,2.32604445828243,0.757862803954271
1,55101,2.91499044935745,0.973064856299097,1.96842969007679,0.58772926994698
1,55111,2.86095173034158,0.800980331208271,2.01417853947475,0.622026759830564
1,55121,2.92522032419354,0.985546354383449,2.0893382693702,0.51272755917762
1,55131,2.96670448466583,0.848451087045116,1.86073524526466,0.580636823570755
1,55141,2.94864524995283,0.889603787284016,1.76614217468767,0.502832961448184
1,55151,3.0288958339262,1.03443464241059,1.83931618177893,0.469269154963865
1,55161,3.0597431107741,1.18259655448038,1.96418294073567,0.463116444323354
1,55171,2.99192281141406,0.919152103457412,1.70115808527215,0.450945725967783
1,55181,2.95699774463271,1.06279952596769,2.05716803645622,0.397445273062212
1,55191,3.01274804945853,1.16123564763201,2.16851195403781,0.457570417182576
1,55201,2.96087355865251,1.06712255913756,1.9468328037538,0.436284717404153
1,55211,3.06633125530439,1.38257661891282,2.09788905022179,0.334443609239244
1,55221,2.94166584206283,1.1253925021526,2.23181387211865,0.461419950248972
1,55231,2.95673362170589,0.938397796840388,2.11492762010339,0.498191467038856
1,55241,2.986469159869,0.962675861911597,1.99461888953441,0.507321847782775
1,55251,3.08872119365126,1.23854470581832,2.08708072832349,0.398387972496397
1,55261,3.11367937927984,1.21814360194941,2.00283401810792,0.427220455144319
1,55271,3.12851953849945,1.21388259156527,2.12857069270586,0.520832912364022
1,55281,3.04660424048689,1.14809864226128,1.94547254587106,0.473431054107377
1,55291,2.8846796104163,0.810649178052723,1.96229249212854,0.586496156219108
1,55301,2.87981582090905,0.803234542608349,2.14430712503535,0.726377910497532
1,55311,2.93135315588371,0.966255452922081,2.32789874960153,0.636641798654878
1,55321,2.93562455699637,0.878409944682374,2.26225307308134,0.692728311630064
1,55331,2.93504464409727,0.80166021129441,1.96973684325378,0.570957036368933
1,55341,2.96507479217976,0.857596755201652,1.77728680973818,0.48492319637706
1,55351,2.99129702270423,0.926596725516405,1.85916204638457,0.528479250221321
1,55361,2.9252130753045,0.842788791428624,1.87699884977822,0.54360391072764
1,55371,2.89068683998329,0.767621725315107,1.71287164039675,0.582472186001397
1,55381,2.86598919474382,0.73364923714563,1.92837660500263,0.683218476188888
1,55391,2.97760361355602,0.921959921322842,1.94937778804773,0.56135487071065
1,55401,3.11640583715811,1.17113801711302,1.7879931910469,0.409082194562393
1,55411,3.00659516533569,0.822736202724803,1.73742156338533,0.562232758836778
1,55421,2.96516449332212,0.798878770216859,2.04485331147753,0.695540815355731
1,55431,3.01162187119643,1.03940357123314,2.09839220114339,0.476304375250203
1,55441,2.8518070247736,0.874935592156686,2.32155095094866,0.561958683741808
1,55451,2.94073810304568,0.955412088021639,2.20988801028122,0.527778806992111
1,55461,2.92043117490459,0.871524299635515,2.11026880566091,0.528611161717416
1,55471,2.97049937343711,1.04453013680208,2.22761435490235,0.505540452038205
1,55481,2.95445121932286,1.01219688281668,2.15484544860518,0.527989611448095
1,55491,2.92993807545855,0.978314785938198,2.16646538350151,0.572377186813413
1,55501,2.87464837456197,0.821270256183421,1.95421385373339,0.600811105054965
1,55511,2.93991656382452,0.866820933566477,1.91893796651279,0.60085036671412
1,55521,2.91693394665811,0.959064685813209,2.07065224156954,0.579856175339179
1,55531,2.86356996865552,0.828248289210811,2.05390188359485,0.674624179882378
1,55541,2.9571317175777,0.970307225113668,1.99828008578532,0.581183912759076
1,55551,2.88599504462518,0.839733418453445,2.19912300712018,0.698611575534163
1,55561,2.86277402700685,0.828562501268017,2.2176130110803,0.669063561866938
1,55571,2.95667213785691,1.02311424559886,2.21625768489314,0.599539867861732
1,55581,2.86878242743306,0.93120789750208,2.28849069110201,0.602070595459493
1,55591,2.98159053683742,1.08444777655853,2.31662552595163,0.486787246242626
1,55601,2.97296279843281,1.17649755583565,2.37776857499807,0.445095277990988
1,55611,2.87113320912937,0.888295237001472,2.18276516542226,0.558672436133233
1,55621,2.88416033315498,0.88923896900228,1.98918109688589,0.514902372154094
1,55631,2.86650896822084,0.952885358942344,2.20358492057646,0.503445447934335
1,55641,2.89622565081617,0.911380134411882,1.9945785097468,0.508643390945941
1,55651,2.88621457619494,0.901794770417951,1.92529376913841,0.478518567659276
1,55661,2.85613367407936,0.96574134393795,2.14871709929112,0.5707695761264
1,55671,2.97312931611525,1.15693403592168,2.153815699066,0.440960794316037
1,55681,2.91488172788596,0.949991468655739,2.01185954843114,0.476880191320239
1,55691,2.93864542140441,0.925560158234685,2.09593775484409,0.564429404064315
1,55701,2.89990879997481,0.913742261188265,1.94032818692489,0.528213219816151
1,55711,2.99650422901355,1.05733718295195,2.11942945518922,0.479222533166093
1,55721,3.00271877782382,1.09710758564023,2.01414089981283,0.436874717399059
1,55731,2.89762120225082,0.84169557007883,1.93738694085937,0.539021676965945
1,55741,2.96250557399088,1.02502541040866,2.1756569692086,0.489654310131775
1,55751,3.04239847262335,1.06750208060983,2.0438758525777,0.490253587235406
1,55761,2.96823318165209,1.10778909798996,1.9222265530316,0.449263394497196
1,55771,2.99998457549818,1.06822691798055,1.98917642131804,0.436368383775158
1,55781,3.00652067094398,1.00294859737077,1.87814584522164,0.523051755016255
1,55791,2.98169380423745,0.848259947328515,1.92012783979037,0.625251274367731
1,55801,2.89212312453445,0.717764984116163,1.79554780483735,0.599042721773314
1,55811,2.87765249917145,0.700276638590535,1.88959490057733,0.680712439378593
1,55821,2.89693599541409,0.872824319527429,1.91949352010558,0.571446974504483
1,55831,2.84325135352357,0.801181053752261,2.2115068474705,0.695060717217471
1,55841,2.87383286521844,0.822272260050444,1.90063912306375,0.586349715848579
1,55851,2.94798664642518,0.975796550325712,1.99655277221115,0.499291703759549
1,55861,2.94973372743599,0.968873710297818,2.06534451733276,0.516698685136998
1,55871,2.85759435269351,0.77110127165882,2.31795684342769,0.648162846216746
1,55881,2.84328319972322,0.716122868659917,2.15213729613588,0.715411854062329
1,55891,2.92641788930893,0.726556884611237,1.88023546993122,0.688118615139648
1,55901,2.96704436992935,0.899854909892197,2.08202160744245,0.672392604222849
1,55911,2.90045182518795,0.715962464208622,1.83588596272765,0.602426691951815
1,55921,2.98781728599214,1.08006716681723,1.93030672556397,0.449448238998052
1,55931,2.86712973191255,0.852981552391234,2.05324273466567,0.543577359948767
1,55941,2.94889462797375,1.03540451533104,2.09817057897392,0.497971179138788
1,55951,2.87056844744025,0.836459854795267,2.03463280066136,0.566765057353484
1,55961,2.93095406528649,0.99333169996058,2.01033268545845,0.535986423670265
1,55971,2.89490067937521,0.980456677612572,2.10368572908337,0.490352845747213
1,55981,2.92956777244027,1.01348237413636,2.15161330646781,0.53895232870998
1,55991,3.01041267232308,1.22501420048161,2.12082242919866,0.395153052072352
1,56001,3.04903361178938,1.35876799758397,2.38802492853729,0.440550113527202
1,56011,3.01143113396279,1.13800386460809,2.05345326743875,0.473475363887033
1,56021,2.87620782663477,0.871419708967172,2.23300345058737,0.558926537762461
1,56031,2.90423205042792,0.993593346314644,2.37371993148618,0.574509582468827
1,56041,2.98324718373624,1.12415924998314,2.19918818717257,0.451964094076728
1,56051,2.89558459904758,0.863606832109089,1.99427919558139,0.570134646078747
1,56061,2.92839356965069,0.964264894523356,1.94501307142958,0.555262704076632
1,56071,2.94220518516193,1.06912614857326,2.15553464978453,0.479299861859156
1,56081,2.94158770898127,0.900789113012634,1.94109923329573,0.510314306344203
1,56091,2.92895076541251,0.980868879228974,1.90192422841539,0.426067000618357
1,56101,2.92089639487593,0.908172455677199,2.0935585469947,0.561725933959865
1,56111,2.86909577512506,0.848777883366122,1.97413644881026,0.574788317916044
1,56121,2.97068275464822,0.942369447327037,1.95854158997634,0.611919660638519
1,56131,3.07456839266515,1.13644906169232,1.99021312671911,0.513395007820795
1,56141,3.09988056737386,1.22196143983038,2.00816894294425,0.416899773592479
1,56151,3.04099823781716,1.10810094499054,2.00938551709322,0.451939308896527
1,56161,2.93407865038064,1.04399484468628,2.05863607806545,0.461392245523279
1,56171,2.82563608509118,0.843699653900638,2.15552226485864,0.557441373034565
1,56181,2.92386133550456,0.934355301090754,1.78216737129813,0.458669208099248
1,56191,2.94887529528876,1.12721261169278,2.24222243923809,0.451979158531935
1,56201,2.88998656092682,0.875115729547768,2.09843711013594,0.56010181687216
1,56211,3.02007847301224,1.13310621387094,2.13404418105245,0.445084342522961
1,56221,2.92754450665126,0.90397183085047,2.05068831852345,0.497991402114111
1,56231,2.94585420534294,1.01670910268749,1.91494208597416,0.438551713354634
1,56241,2.9868477314278,1.00481501710414,1.91612896409032,0.426418986423144
1,56251,3.04687159303311,1.10200666246536,1.91574561857157,0.376789277313742
1,56261,2.88962549545859,1.03244174151397,2.34873090915949,0.482958176630919
1,56271,2.99535279234211,1.02189877305391,1.9454143390229,0.455810410512808
1,56281,2.97420135278034,0.975392864897708,1.84117109013882,0.457178100033057
1,56291,2.97827628371608,1.00629523690813,2.07466870898205,0.435437110822751
1,56301,2.90285444696514,0.953357210825716,2.19717798584916,0.417386005752838
1,56311,2.93555230641428,1.13370314331158,2.39500706702696,0.403093343136114
1,56321,2.86080018511408,0.863983249825885,2.13824376321284,0.506422048574852
1,56331,2.88758641665677,0.789970604224497,2.12676228289717,0.647332192700191
1,56341,3.02703875930121,1.13842074375778,2.07689064438054,0.472128540460975
1,56351,2.99977338263731,0.997711977240542,1.85722191876085,0.545951428328981
1,56361,2.90366480986476,0.893528549656394,1.98206912805114,0.592861553632692
1,56371,2.85925128334367,0.846918962576148,2.12382067755428,0.606974400933262
1,56381,2.81918896361243,0.84041650452692,2.06619984766626,0.579415287838746
1,56391,2.82351345046822,0.885721958837758,2.20279673423603,0.554179325927576
1,56401,2.79080518388576,0.721737277842531,2.17711478808266,0.643213297089146
1,56411,2.91370123339857,0.840001132907416,2.05423731894713,0.557844063055342
1,56421,2.90109865194197,0.795067530644224,2.0342077152921,0.58522995081775
1,56431,2.92572250231688,0.798011853496333,2.12635555079837,0.65988715667312
1,56441,2.90898019671467,0.667626662677072,1.89758155390065,0.711637102245219
1,56451,2.96787216322895,1.02671607740439,2.12555929765898,0.540629313268857
1,56461,2.90164297489993,0.909782133436564,1.91777913495608,0.558286632996516
1,56471,3.00816892002617,1.05602387181202,1.960034260957,0.484034442495241
1,56481,2.96889538000669,0.786319979398771,1.74082506839966,0.609134956143008
1,56491,2.87321194070178,0.783850081641986,1.93006916247407,0.610762966812191
1,56501,2.96491949710699,0.969100754938794,2.25506351102433,0.611325168778405
1,56511,2.92041265209931,0.99060294580198,2.36476815559655,0.604742096025463
1,56521,3.02287180304064,1.02080267380554,2.01175070968504,0.619476922583587
1,56531,2.96938681091744,0.925776156308975,2.08728825475582,0.63396111112818
1,56541,2.94496919428432,1.0137026000228,2.30609487208972,0.610626344140113
1,56551,3.01066567677623,1.04879464795648,2.12196835047443,0.513575000887978
1,56561,2.90731075989105,0.963027581379082,2.10066446403407,0.570460104134012
1,56571,2.89699343260215,0.974791006637526,2.23579440566538,0.577770320034593
1,56581,2.9156259612848,1.03058263070295,2.12111996862654,0.558263398981937
1,56591,3.07156565668558,1.07168598238298,1.86041576477529,0.509081952875596
1,56601,3.03426034687979,1.04981367583907,1.92950700237859,0.53644144750702
1,56611,2.99548638139687,1.14454899703609,2.22232746067288,0.550237903580369
1,56621,3.04910900211714,1.02742832036794,1.81491492852026,0.440749234287538
1,56631,2.8994676059837,0.837265936140938,2.06633764022902,0.553270851854807
1,56641,2.95728511661332,1.03175006621199,2.11424177428742,0.455540727124981
1,56651,2.9538706484484,1.03944377405212,2.12097075198266,0.51124634027728
1,56661,2.97503058288613,0.993477269188233,1.96446582634418,0.533141968708613
1,56671,2.94734871743652,1.12966396978347,2.37951704690893,0.523336020735956
1,56681,2.93061024405614,1.14634221261093,2.06335237247207,0.433390452798016
1,56691,2.92282168359009,1.13938969173862,2.26667934138588,0.445494138837459
1,56701,2.98355567128389,1.23475806974149,2.20365317390999,0.472228211493902
1,56711,2.97888049066131,1.27926810789796,2.19075069653641,0.374588300829435
1,56721,2.99229712034088,1.17250840476323,2.0969251896632,0.46184831975151
1,56731,2.97560337173333,1.06324630307383,2.00124947064419,0.444084369780552
1,56741,2.91229921060749,0.844655734360418,1.94634082134463,0.559157735061314
1,56751,2.86812925132713,0.903650257493982,2.29123967051413,0.557337038283176
1,56761,2.90399509575376,0.92491631406956,2.07526556509587,0.540889680851389
1,56771,2.88265519571597,0.853777003026362,1.97409398897544,0.521179161093508
1,56781,2.85399096816437,0.845224923526796,2.00126635289834,0.5636333195873
1,56791,2.82621912536845,0.807811231760384,2.06055447848895,0.641839680272493
1,56801,2.90006838816215,0.929332022345682,2.01703476527628,0.586272836396975
1,56811,3.05621151001857,1.20473602975585,1.97940856213061,0.38800061184795
1,56821,3.02526594540484,1.23524596433337,2.23253153334878,0.379076510819534
1,56831,2.94866368427543,0.953499492326862,1.88659427918846,0.435859158205271
1,56841,3.00904407747936,1.12393025574675,2.16969406632857,0.4936111748554
1,56851,2.94327398972059,1.02972061264802,2.17264977158317,0.418904391140943
1,56861,2.86546480378258,0.880984785737512,2.1062868864503,0.522470795800104
1,56871,2.81098212952517,0.755765913561074,2.2305636702123,0.652032803390505
1,56881,2.90784677028581,0.784045828578485,2.1346521232193,0.649178646414261
1,56891,2.99551138509323,0.931344900242523,1.95992620714829,0.601013091453248
1,56901,3.0635653262695,1.06574252667238,1.81195279540838,0.446442096363946
1,56911,2.87477168820883,0.658085179399957,1.84566881989578,0.718651625084852
1,56921,2.84984906424927,0.716128375384147,2.03331764407429,0.722436823817441
1,56931,2.90473032108435,0.744720301282207,1.86823306251231,0.71763508575126
1,56941,2.99996392719872,1.04583819081722,2.05417452923243,0.510172607770699
1,56951,3.010597511042,1.0316233564918,1.80970654122789,0.444932528198161
1,56961,2.88739261277734,0.811584964980055,1.7969599821845,0.500437524463175
1,56971,2.99716130682911,1.0687303775602,1.83653383648207,0.342290095195049
1,56981,2.97998133746213,1.12279260936833,1.97138459534939,0.410884530517206
1,56991,2.96939304318186,0.958273691505468,1.82546132699587,0.55470661222472
1,57001,2.97597444483531,1.11186049520906,2.11013470341948,0.46332929898611
1,57011,2.86397884191076,0.81524003869263,1.93755276294567,0.628003231089397
1,57021,2.93071185992579,0.893775287890433,1.90566982338098,0.58726063269258
1,57031,2.99549442197557,0.990251586352917,1.63436947694898,0.475717914646243
1,57041,3.00174427544092,1.11156426820402,2.00811426699241,0.431634319617792
1,57051,2.98599267370443,1.06304071214676,1.92779279143439,0.497242151311528
1,57061,2.98150921682784,1.14875784851228,2.07839000964359,0.421479716934317
1,57071,2.99146539685527,1.28031806719548,2.39279360452437,0.433247354728208
1,57081,2.99610705268343,0.970860776407596,1.84646656441953,0.494628445348318
1,57091,3.00467590752328,1.09093524437642,1.94663956955226,0.432299152646396
1,57101,3.04711887823377,1.07095952064628,1.80097574232864,0.476060613592628
1,57111,3.05461657304084,1.11425702700815,1.71573049973404,0.461810374664942
1,57121,3.02774781566197,1.19161207942895,2.31209323265624,0.46538836820969
1,57131,2.99915058487453,1.06387210061512,1.95034440470742,0.453041633091177
1,57141,2.93182670429238,1.03240445448957,2.25229422623759,0.422270318898095
1,57151,2.93408676110236,0.980663172853652,2.42478811679241,0.497346299462664
1,57161,2.91438164322285,1.03681481354349,2.7135306031564,0.532618302386109
1,57171,2.88064006719571,0.791553721863152,2.61481796201851,0.664347312251337
1,57181,2.89312457284325,0.878971585564719,2.31552661951195,0.568189003182487
1,57191,2.86125337050166,0.804510921645318,2.01121452646888,0.57347533330697
1,57201,2.86790464941123,0.790607652770873,1.93565438961544,0.654012000963413
1,57211,2.91814881291612,0.924268594641073,1.91869682084305,0.532388775992458
1,57221,2.84047181651965,0.857112866192941,2.08967272855362,0.606629598720071
1,57231,2.95559247759853,1.03328322642406,2.17986380346196,0.533523529267243
1,57241,3.02346611291779,1.11368606936069,1.85784230304277,0.361259934486163
1,57251,2.97557874724614,1.05506268922194,1.81205012276106,0.371016281616879
1,57261,3.0091585195697,1.18393316454562,1.94295600693919,0.32755454379124
1,57271,2.90686459918209,0.933694810819586,1.84366678236458,0.451454628003831
1,57281,2.95186874586248,1.04314312797953,1.98027038107454,0.470523216285218
1,57291,3.08595578749965,1.24385467857285,1.9697340327204,0.366683699650054
1,57301,3.102792321472,1.28748179651733,1.79932772374563,0.35699277128584
1,57311,3.06002693555462,1.28004965577014,1.9439501531633,0.405336580606556
1,57321,3.06686604695323,1.1685190656382,1.88337220910179,0.396566690009062
1,57331,3.04463219347513,1.13046141551604,1.97576689066768,0.477484157193074
1,57341,2.96664945467856,0.988736979188206,2.11436718569329,0.564935831782463
1,57351,2.92178124402673,0.904420092451576,1.85521255833205,0.526372184778231
1,57361,2.8881427698639,0.80453267159361,2.04139271309461,0.702016978944393
1,57371,2.96040969845956,1.00356808088835,2.16580559963951,0.582704588501442
1,57381,2.94989601106786,0.930950588692087,2.00236720226417,0.532157154819579
1,57391,2.96622942912798,1.04950765040808,2.12025260284819,0.484568523908997
1,57401,2.93618228756671,0.885789273721335,2.068170822354,0.627521152874164
1,57411,2.9517696549821,1.08331480048454,1.97691549099445,0.483489879775688
1,57421,2.92416634147882,1.06396677402454,1.99757838576615,0.480001128278064
1,57431,2.80567687538164,0.80165429770186,2.41043209975934,0.694077692614415
1,57441,2.87660447220805,0.781800544724438,2.07968539204974,0.634766888047665
1,57451,2.88161532757391,0.786600525346094,2.10999833083717,0.665793378114187
1,57461,2.89421908419145,0.943003964743308,2.31006182671542,0.596505573665733
1,57471,2.91395306655773,0.780057970042931,1.96013772003111,0.63467815893222
1,57481,2.9270825357381,0.953528124796998,2.05175436473427,0.51666413122844
1,57491,2.89612790183988,0.983739933080426,1.87279439264371,0.405766291818398
1,57501,2.99530866752251,1.13364500142861,2.21593062961662,0.445833499000262
1,57511,2.93861627530991,0.97739098470298,2.34203195536573,0.542144315080965
1,57521,2.92868983484346,0.954288517028419,2.10794939265162,0.530759625144065
1,57531,2.98903244528077,1.18494161739405,2.20339347080454,0.427418211407695
1,57541,2.96671849751017,1.10019215627276,2.08167457292779,0.469303125948789
1,57551,2.96331691111005,1.00301757065378,2.18869342279223,0.532960623971991
1,57561,2.99612432507215,0.960331079664916,1.87093857828808,0.50105234601013
1,57571,3.05081773817302,1.29820729125096,2.12511917086184,0.415867579828505
1,57581,2.95032807163842,1.02706808413801,2.00608579515645,0.594655697808437
1,57591,2.95406279904598,0.998023714190668,2.08366941122128,0.597131378947863
1,57601,2.96879251528226,1.06900417886954,1.94359919151452,0.462607140565491
1,57611,2.90961296385047,0.987758615944676,1.99600444061572,0.453476934002322
1,57621,2.93052125305679,1.06629260395707,2.10880424905218,0.396556815764131
1,57631,2.88277138205307,0.946605629008289,2.31828112303105,0.534947011980333
1,57641,2.90255213309603,0.836266099132318,1.8787156926247,0.600691729083972
1,57651,2.82630561739373,0.745326339436386,1.85850445366059,0.575117625724727
1,57661,2.83094849098197,0.695045849163052,1.69618931452708,0.605695218502716
1,57671,2.87361428700573,0.773489568794881,2.10033295454635,0.681256727095772
1,57681,2.89796862466006,0.877344375771513,2.28492592837453,0.606363493366357
1,57691,2.88600300496491,0.864130837805396,2.11568892208456,0.605445493742386
1,57701,3.02577327223524,1.01798693689867,1.98638258743643,0.464798872508187
1,57711,2.93706946717912,0.923295993836167,1.96978138126736,0.497957863385859
1,57721,2.97909171542375,1.03807689377773,2.05623698039298,0.487796290527143
1,57731,2.90021696598099,0.978780028216305,2.0862251375894,0.460824097752175
1,57741,2.92329496439775,1.02675776015781,2.15064989743519,0.433277659550236
1,57751,2.87332403506737,0.784759220840985,2.05074470074273,0.557190079300609
1,57761,2.8808346757317,0.805829299000165,2.09276366273135,0.65301373553269
1,57771,2.82330979506708,0.805170789884682,2.06132622486772,0.602131286125692
1,57781,2.91378679288516,0.906422160713039,2.12350876403708,0.623409703827782
1,57791,2.94537650415957,1.04456329205092,1.97965565805316,0.504828767600172
1,57801,3.00794484713572,1.10275522477142,2.1860981072209,0.456759098767812
1,57811,2.90291864000413,0.767230297520114,1.83912699777261,0.599358234691698
1,57821,2.83405288531171,0.624559288922502,1.97403505966544,0.720688110730176
1,57831,2.94982627564005,0.97445124879941,2.08199825506563,0.533125865001852
1,57841,3.00618019418079,0.929664816305959,1.74919348987946,0.501834863454755
1,57851,2.91187126575637,0.88290879232661,2.03760293567017,0.561321439454683
1,57861,2.93595904547578,1.0578865190447,2.11363714668097,0.46372603727922
1,57871,2.90836311794377,0.831437099188729,2.01602457160501,0.570277131312155
1,57881,2.94162265654672,0.796753935864235,2.01526764914174,0.648347198908372
1,57891,2.99364991984999,0.924775961498168,1.91444051315435,0.531458929042183
1,57901,2.98838532362159,1.04471972117963,1.9535896395527,0.475751411029131
1,57911,2.96561919562087,1.00996501434725,2.065753469703,0.554585421825226
1,57921,2.90741603242824,0.989703974756617,2.22370177600027,0.548353179111044
1,57931,2.87527693274861,0.966622390859304,2.20439427896327,0.590054663737599
1,57941,2.94716086693587,1.13035586244076,2.1539460662323,0.446671391718519
1,57951,2.98357516339614,1.11556773804058,2.12918710993029,0.415752224496852
1,57961,2.93749162974031,0.808836483226832,2.15859644279722,0.667364075851123
1,57971,3.04966360777939,1.06439748761795,2.04831706756333,0.489489962597004
1,57981,2.98794277099412,1.03465097410192,1.9355891213933,0.467349651584367
1,57991,3.03074905634329,1.09086762050094,1.89590642314666,0.486184966635041
1,58001,2.99110925611633,0.945092681403963,1.85617154190256,0.554794457562611
1,58011,2.97161159452196,1.07239339064089,2.26059723301605,0.465029208878519
1,58021,2.9807699722801,1.07209457224903,2.20130645845073,0.451973406705605
1,58031,2.93692838113862,1.04669726118048,1.97944613251299,0.435511253388107
1,58041,2.91384098806346,0.920831019020228,2.09673021973369,0.530169185227882
1,58051,2.96255855123798,1.06257600802438,2.27114822333665,0.484732041243901
1,58061,2.89281787077138,0.83743555706978,2.38753481395354,0.599538524532641
1,58071,2.89415363778502,0.878336368125523,2.12831484783321,0.587485645684893
1,58081,2.9020393264213,0.885703882238623,2.03918899362943,0.511530659236214
1,58091,2.99479283313011,1.004254236717,1.92713130160835,0.515174823256316
1,58101,2.9460435637291,0.860545091899466,1.98940770399076,0.607181804130254
1,58111,2.99422059969536,0.896690904451915,2.1255410124257,0.653744351402019
1,58121,2.92081669452871,0.847588846636849,2.24677020410636,0.639983025180339
1,58131,2.86860662898215,0.840956769058942,2.38129961021052,0.658826408576536
1,58141,2.88709388214169,0.856638356943227,2.15369171971044,0.600131635992394
1,58151,2.84928147822918,0.770201846314719,2.07932125178925,0.638856278740427
1,58161,2.92314827216044,0.903500747497679,1.90023235228737,0.551335679253566
1,58171,2.96211878070276,0.924101509209554,2.01393546140052,0.540232023511723
1,58181,2.97571339936956,1.05054500785184,2.13284035044008,0.467866750543599
1,58191,2.85394011813342,0.955924050009317,2.49464983472645,0.547075360556228
1,58201,2.99696254746133,1.070119876551,2.22483182460237,0.456931765981982
1,58211,2.92395329872241,0.815623831139762,1.9693886713915,0.596272358779052
1,58221,2.90412093401243,0.906236587440863,1.9625255220843,0.473341281241789
1,58231,2.88640539491893,0.771740383102004,1.70700003233984,0.535196094999491
1,58241,2.93017269525032,0.802185268328807,1.68435602445514,0.548872140406997
1,58251,2.97578210540807,1.03244706657951,1.92638204401588,0.461165715042058
1,58261,2.98919535848612,1.12484916646809,2.02718798054667,0.401600523188688
1,58271,2.90363099566628,0.893444935444274,2.08404782738429,0.517952422523255
1,58281,2.96705709904156,0.969287817265596,2.24846003037246,0.567122859727024
1,58291,2.90238397553091,0.812460191900104,2.30764159387802,0.719244693522492
1,58301,2.91625383554715,0.82931754860501,2.22936085935248,0.695707230872625
1,58311,2.99214953755794,0.899855980021299,2.08573752717826,0.62975186917789
1,58321,2.99806547038582,0.898466805814655,1.98299147924525,0.607196642373714
1,58331,2.88912785200312,0.761338940957616,2.03475550882116,0.674656597556068
1,58341,2.95959788830504,0.965839118693482,2.30648600492847,0.633103346616048
1,58351,2.91145278034694,0.882611885325223,2.34449193853142,0.601291064265481
1,58361,2.89773001939645,1.05056125094946,2.55491941993944,0.508202486405914
1,58371,2.935157879122,1.11291541828928,2.2766377744126,0.435096294003885
1,58381,2.93767555524612,0.914596378428919,2.00857814223151,0.547885256395782
1,58391,2.95855442545594,0.984065052961053,2.08027215345283,0.477938615068217
1,58401,2.86681958102397,0.832347493754096,2.10785907553714,0.575766018848264
1,58411,2.91406675718024,0.823682715069845,2.01944410363847,0.602515965711592
1,58421,2.98426427586729,1.051449043144,2.37431730172117,0.54039437108924
1,58431,2.89530127596897,0.953890338124364,2.26914323374549,0.585880762605471
1,58441,2.89449709231285,1.02230796211651,2.37352751907271,0.538517964805911
1,58451,2.95115507309364,0.957961746558289,2.25761001875586,0.598115226789875
1,58461,2.98753566140914,1.1301412955631,2.47005689032867,0.553494474745264
1,58471,2.88840149943177,0.948310246052466,2.56452156763018,0.603383094094792
1,58481,2.87311719929493,0.806389174141323,2.46336839570812,0.693348684389596
1,58491,2.9503265338251,1.00492818350611,2.24713096746191,0.576919054545307
1,58501,2.8157707240375,0.740932421237347,2.41362871209509,0.710332752679832
1,58511,2.92284374773453,0.813585834634568,1.96549012445095,0.580122887647015
1,58521,2.91466710710599,0.768426034007713,1.68365325427499,0.578808942701663
1,58531,2.92660988848473,0.864911674876422,1.83280121370257,0.522164790892771
1,58541,2.96280183597433,1.02859617244554,2.10027486071304,0.435130660144862
1,58551,2.92937070103851,0.972635921454171,2.13346367927335,0.498748885678716
1,58561,2.9553009080536,1.05504635865816,1.98042570214596,0.431310056986352
1,58571,2.85243175277302,0.746097843372374,2.08033711508675,0.590025012002566
1,58581,2.85478141720247,0.813402645237066,2.20179300414281,0.610053229692447
1,58591,2.95474570744808,1.02854422566245,2.29797887691082,0.544004295016062
1,58601,2.93655648079523,0.862462703860375,2.06568565630959,0.623745973752319
1,58611,2.91932311892621,0.88996596764846,2.17524312882148,0.626984854993769
1,58621,2.8839580974193,0.828765491077507,2.16824661185597,0.689586922342573
1,58631,2.85606345468784,0.842549638713982,2.28813573234066,0.584365394325701
1,58641,2.93541595124486,1.01799144570741,2.48020133949495,0.44540368945108
1,58651,3.0227008742137,1.15924573561706,2.29368893631409,0.418533220870809
1,58661,2.97202010300457,1.0406555139213,1.97732131280296,0.47160585990096
1,58671,3.01471439441101,1.28830150101321,2.25479280725982,0.364631278190829
1,58681,2.94905744170103,1.20481067169739,2.32855449869609,0.441794782267416
1,58691,2.89162622097306,1.02950664977971,2.40474313412532,0.533101852444029
1,58701,2.93271391628626,1.02296726321018,2.42057230551972,0.537619426255215
1,58711,2.92192528456283,0.961425583523752,2.20936879651944,0.531835887935002
1,58721,2.87829080074836,0.816217909252329,2.11496959858953,0.693164870525481
1,58731,2.92221175499151,0.827421083185798,1.95379349660856,0.646097405338513
1,58741,2.9130324135455,0.844585212737001,1.91203864558288,0.60061299476582
1,58751,3.00987953374483,1.11409429613222,2.18257767992304,0.438573599854026
1,58761,2.92515752690434,0.973613860030608,2.27701316979883,0.470333921153097
1,58771,2.90127480969797,0.866341606522065,2.17731866651316,0.568091114777358
1,58781,2.92901246558502,0.957531775526983,2.2017691498851,0.544133192052181
1,58791,2.90405416872914,1.05214832739757,2.24307588178623,0.426246960352186
1,58801,2.95775391748059,1.20386773706213,2.33825282119161,0.451936703042655
1,58811,3.0004841691843,1.19243783997441,2.05766375437881,0.401371906502507
1,58821,2.89171655084148,0.891565714314988,2.15365581654012,0.618973110828968
1,58831,3.02999979163171,1.16450098198035,2.10352715488234,0.458265337073139
1,58841,3.03246091284663,1.1299873818857,2.03137883487659,0.438091298260675
1,58851,2.91957444316474,0.915370261817626,1.82879478404142,0.510220986237399
1,58861,2.77967607996576,0.675315473458476,2.05519378856292,0.613529558281693
1,58871,2.85430409989426,0.808235714043554,2.12237794640662,0.533155758981463
1,58881,2.92440853534564,0.846090169990147,1.96294416133351,0.568634098432957
1,58891,2.95012368657968,0.874451320902471,1.81741386423237,0.505730938792575
1,58901,2.94191363828423,0.896440246169766,1.97445990174317,0.497552124499509
1,58911,2.89843882849705,0.898630538771897,2.20864995364048,0.561923603520967
1,58921,2.98506218058791,1.0137030285934,2.06284806457524,0.492822452574845
1,58931,2.95673962092587,0.99675271759125,2.03730324887233,0.444815194573584
1,58941,2.88115333007781,0.834406391195218,1.95879955266748,0.547616555188699
1,58951,2.98904940392878,1.13415737018795,2.276673134819,0.421874260506442
1,58961,2.97651474387571,1.02993490632107,2.21005947855224,0.553912938973813
1,58971,2.92582623442964,1.04186428765604,2.38809581351344,0.586674460653297
1,58981,2.84157695501984,0.757714867137342,2.46829245776795,0.705592670522575
1,58991,2.82795610935649,0.686604962381447,2.40422962969221,0.715647348174869
1,59001,2.83871951273843,0.807115950138085,2.36306014447667,0.60464608895494
1,59011,3.08269498439353,1.31562581611381,2.18965318272648,0.370263498863329
1,59021,3.03805797195157,1.08586077950881,2.10570868299246,0.545498868212796
1,59031,2.89665700657925,0.97976889269643,2.34722089410844,0.610712399972982
1,59041,2.99351865160474,1.11841911691328,2.24732827252307,0.474546710337941
1,59051,3.03609182745096,1.31614659768216,2.13657258526346,0.368317769947467
1,59061,3.02391453545045,1.08071267343101,1.98230911321354,0.513825937097094
1,59071,2.99246286843337,0.961539527543562,1.90224351223226,0.540716790769038
1,59081,2.94497781808752,0.904395770483972,1.92822924422448,0.550107400890055
1,59091,2.85067284997884,0.743401810497984,2.11615593689848,0.680753264191321
1,59101,2.92055594476372,0.86821573191434,2.19243392785158,0.559959825663221
1,59111,2.92749300944573,0.888826831570076,2.14235016001223,0.531757179592093
1,59121,2.86487554926098,0.808037762515923,2.0897922514636,0.573910244899528
1,59131,2.90579361208392,0.850281814190146,1.93283528533533,0.595559083770389
1,59141,2.88728751655603,0.856582287322637,1.84202243882552,0.515397113423442
1,59151,2.94362677825498,0.90660931258728,1.96790727506905,0.551382593018248
1,59161,2.94806734602102,0.963400223692813,1.88038278331123,0.521385398053647
1,59171,2.93287800670651,1.0122370218517,1.99949743037789,0.448437327629992
1,59181,2.94659794812294,1.02788645394396,2.01747430808639,0.514825414783952
1,59191,2.89353980678919,0.991640347337721,2.13789305113757,0.547728233140892
1,59201,2.89026409874712,0.844080733199054,1.94905640581896,0.6121346566669
1,59211,2.92143136615892,0.881385253590355,1.99451202056758,0.650462668774147
1,59221,2.94320963406179,0.989141028644423,1.90536160466337,0.529023342147084
1,59231,2.88614808712141,0.748714416799199,1.93893049740054,0.66123962156471
1,59241,2.99983770377639,1.02578545072342,1.85195241362274,0.479308511671222
1,59251,2.97891300030017,1.01209250821881,1.99542772149617,0.504289747577844
1,59261,2.97340357298394,0.932624107088423,1.92990203521487,0.476606225361653
1,59271,2.98980865361036,1.02954112843048,2.05285817625566,0.499465850166995
1,59281,2.9455081472128,1.01180227467741,2.33447861997233,0.496378233439135
1,59291,3.01182246030256,1.13234052896938,2.14393220187208,0.484057833877439
1,59301,3.03728407264968,1.21913244485101,2.29191054209767,0.502770323528208
1,59311,3.03739581336444,1.19537164751821,2.28803372503479,0.550167715464472
1,59321,3.00186915459395,1.33399893823538,2.28740430329824,0.388592204048853
1,59331,2.86348845295104,0.908271875065842,2.46808035731652,0.657936296861758
1,59341,2.84400600545888,0.926436794980596,2.43576149817773,0.583990777974281
1,59351,2.89457168455265,0.835083080928066,2.07191677715909,0.648291406126934
1,59361,2.98376796523216,1.15880899593983,2.1976673572331,0.496498425652164
1,59371,2.96091679726418,1.15739752777155,2.31966584849489,0.439341137923514
1,59381,2.86969815393679,1.0544704451599,2.37379648313053,0.513103855113714
1,59391,2.88634244849108,0.986499505898878,2.33466346547347,0.529105053339105
1,59401,2.97857166750145,1.02035765198328,2.00849186359187,0.471648235380528
1,59411,2.97844221310938,0.952730849985801,1.84318598768183,0.465051923502354
1,59421,2.91234512964222,0.796278740531215,1.72638587583069,0.48151019388665
1,59431,2.96704511383077,0.851141092487132,1.77262560814558,0.563855208235669
1,59441,2.96993806957372,0.883789581714562,1.83576798094826,0.520520041980418
1,59451,2.96387932996676,0.975680629608274,1.99417074738877,0.480619661712159
1,59461,2.86847318794924,0.84945230659141,2.21129863743765,0.576319678513691
1,59471,2.86354939627703,0.795732798718768,2.04830363651593,0.607211005503442
1,59481,2.94142833935751,0.918759576070949,1.95022794057648,0.604810632050383
1,59491,2.914690500571,0.844726374575691,2.03901122490483,0.595259552371884
1,59501,2.96564044733608,0.924323839608171,2.11295410786008,0.614249301497949
1,59511,2.97581793660398,0.912591104934324,2.13115194718703,0.672929064514217
1,59521,3.03038063529281,1.16403904210901,2.17737917181517,0.575075861281947
1,59531,2.99288629112828,1.09750624671588,2.15322209600411,0.531078305593488
1,59541,2.92785569480262,1.07369246594133,2.31341484411723,0.489980698405667
1,59551,2.87687838021104,0.812953120446784,1.91687487150758,0.478072950210837
1,59561,2.93511682003716,0.899880701977019,1.95186186658763,0.446559269177371
1,59571,3.02919583898802,1.03695554626439,1.82664581825283,0.37640214925029
1,59581,3.13141847311995,1.25845689291972,1.98012867834455,0.391354552253273
1,59591,3.1066922261126,1.25411809856259,1.86766767842888,0.367650325486025
1,59601,3.01031577276103,1.10288786781444,1.75234874680881,0.31383657750894
1,59611,2.90343252345696,0.871136749929887,1.91753638514571,0.516994839643659
1,59621,2.89828135049538,0.911734762096893,2.07871932314307,0.498752390623347
1,59631,2.92668862753848,0.955333120339572,2.05205874467015,0.551184487201099
1,59641,2.88779098999509,0.865593347048113,2.09547567653534,0.559405497466612
1,59651,3.00038330723931,0.913910099355963,1.92601274308826,0.556781829933514
1,59661,2.88112048743286,0.800924973319616,2.1968880145052,0.623928641711889
1,59671,2.86694943487604,0.867263178612481,2.12682611666715,0.582360670886226
1,59681,2.94516168751367,0.94209214125034,1.84458647278072,0.501554747442524
1,59691,2.99989178338384,1.06997563472946,1.97204120139797,0.435877466449042
1,59701,2.95265989335348,0.948900914408414,2.08931735200949,0.609667243198034
1,59711,2.98279356320744,1.02149658666312,1.78954706430075,0.52435599700016
1,59721,2.92449578597622,0.813313595558735,1.59048536397714,0.56833849360699
1,59731,2.98074470221103,0.990310610629585,1.95506100715468,0.563500499824374
1,59741,2.92880720442866,0.888993765290009,2.07097327174465,0.569000610319323
1,59751,2.94895377658722,0.925402747446141,2.09493855770542,0.489560991928762
1,59761,3.03599205617406,0.990613048171281,1.78036732977928,0.494093406727592
1,59771,3.04606057244198,1.17792454251969,1.87386308394259,0.418581238629499
1,59781,3.06692114434115,1.17318675687932,1.88411463743631,0.451953279060195
1,59791,3.10102151549578,1.35886223955822,1.96593577495597,0.331052841884602
1,59801,3.05555302771648,1.2850337981221,2.29214185111349,0.463940819966859
1,59811,2.94718145051754,1.1584577709539,2.52163925003824,0.540682441900162
1,59821,2.86853432713948,0.755886170945254,2.43517626461668,0.709563719844668
1,59831,2.88846667445715,0.701811676432952,1.96953160259279,0.716450744585698
1,59841,2.90671254304107,0.8399302957465,1.76781031530088,0.622444976571188
1,59851,2.95744887130926,1.01957117588518,1.71213052272714,0.511416911007347
1,59861,2.88978434027891,0.924009461509043,1.95758623238239,0.521415273585182
1,59871,2.99037464854291,1.15115003919259,2.02615821265527,0.413254529949364
1,59881,3.04010779900547,1.24682085486893,2.21714858281552,0.422055435572414
1,59891,2.91052653062244,0.979825157964523,2.05343838221593,0.495546537941383
1,59901,2.96024336512796,1.00906331154747,1.92836748758288,0.458448986528582
1,59911,2.99565270411378,0.977176697955016,1.81963349846057,0.480052465153492
1,59921,2.98582742159804,0.941166830701482,1.90758781753533,0.554605755040771
1,59931,2.9916087850476,1.02172367676715,2.08787356028369,0.475404446852774
1,59941,2.94009290599586,0.958310070382226,2.23779299179788,0.463093410684844
1,59951,2.85436531758743,0.83257465187222,2.24707486080343,0.526993868985291
1,59961,2.8133084628404,0.711905588732826,2.19626080278334,0.667271567256081
1,59971,2.9180405927371,0.980539996323564,2.04614351208182,0.510131039521696
1,59981,3.00388369012775,1.15507666345757,1.96289960080139,0.511481567692876
1,59991,3.09251603849237,1.18213103227699,2.02737020444365,0.552243467995976
1,60001,3.05284049488658,1.10084179576334,1.96027896707904,0.578249819764462
1,60011,2.99064558201137,1.07715932132649,2.25218465521402,0.648142228471666
1,60021,3.11337556273747,1.27255354808233,2.25969318991271,0.556302722598344
1,60031,2.95625220108701,1.019639581006,2.35070401108919,0.63020123663708
1,60041,2.96993769089514,1.09116244367696,2.20530736609491,0.580468644309833
1,60051,2.95515966287753,0.808639063480369,1.79695868921925,0.642885282411731
1,60061,2.9303681873061,0.845158814537667,1.72033960946126,0.552136977576674
1,60071,2.97294995732913,0.905649549081878,1.72038637007458,0.539946332007091
1,60081,2.94703640899759,0.824332445052138,1.69543090900998,0.494760048810593
1,60091,2.99237253084178,1.07099562544589,1.99469351276311,0.443972326823903
1,60101,2.98154151721389,0.961986429792715,2.09073438880807,0.47980197466092
1,60111,3.00760223158318,0.997706045958279,1.99984620001688,0.480685750797866
1,60121,2.99262750842971,0.85999296126856,1.82057666265236,0.54572227321066
1,60131,2.92774644910683,0.772140098867447,1.94287634639917,0.551017313843252
1,60141,2.95473146158994,0.871478552164243,1.95202655698778,0.525865983226439
1,60151,2.94238218768388,0.834274404666064,1.75518213416355,0.56829879813177
1,60161,2.95496360385138,0.905560332260592,2.15336150003555,0.61214047792536
1,60171,2.90642401041695,0.95223240673338,2.48079197880424,0.587040846356926
1,60181,2.83773871065663,0.887182608096105,2.50384225589857,0.576556839326148
1,60191,2.91364777762877,0.87006772517841,1.95198398012584,0.593389598055236
1,60201,2.89524728495769,0.85304524436356,2.10189331708457,0.596274552801063
1,60211,2.96131007945713,0.977367611118649,2.13214093857968,0.528193407811195
1,60221,2.9204964762843,0.798039329956646,1.936006892955,0.615064039036359
1,60231,2.897590777733,0.788007550199428,1.99683198830103,0.599599512023563
